label	subfield	scope	kind	source_url	locator	learning_takeaway	support_note
Memory	Attention, perception and memory	topic	idea	8-1-how-memory-functions	Opening, Encoding, Storage, Retrieval	Distinguish encoding, retaining and recovering information rather than treating memory as a recording.	The source identifies three functions of the memory system.
Working memory model	Attention, perception and memory	idea	idea	8-1-how-memory-functions	Storage: Baddeley and Hitch model	Explore a model that separates temporary verbal and visual-spatial processing under executive control.	The passage names limited-capacity subsystems and a central executive.
Sensory memory	Attention, perception and memory	idea	idea	8-1-how-memory-functions	Sensory Memory	Distinguish very brief sensory persistence from longer-term storage.	The section describes brief storage within the Atkinson–Shiffrin model.
Self-reference effect	Attention, perception and memory	idea	idea	8-1-how-memory-functions	Encoding: self-reference paragraph	Investigate why relating information to oneself can improve later remembering.	The passage defines a relative memory advantage for personally relevant material.
Procedural memory	Attention, perception and memory	idea	idea	8-1-how-memory-functions	Long-Term Memory: implicit procedural memory	Distinguish remembering how to perform a skill from verbally recalling its instructions.	Riding and driving illustrate skilled actions without fully reportable knowledge.
Proactive interference	Attention, perception and memory	idea	idea	8-3-problems-with-memory	Interference	Understand how an older memory can obstruct recall of newly learned information.	An old phone number interfering with a new one illustrates the direction.
Retroactive interference	Attention, perception and memory	idea	idea	8-3-problems-with-memory	Interference	Understand how later learning can obstruct access to older information.	The section explicitly contrasts its direction with proactive interference.
Source misattribution	Attention, perception and memory	idea	idea	8-3-problems-with-memory	Forgetting: errors of distortion	Recognize a remembered detail whose origin has been confused.	Misattribution concerns the source of remembered information, not necessarily its content.
Misinformation effect	Attention, perception and memory	idea	idea	8-3-problems-with-memory	The Misinformation Effect	Explore how misleading information after an event can alter later reports.	Loftus and Palmer's wording manipulation supplies a bounded experimental example.
Henry Molaison	Attention, perception and memory	topic	named_subject	8-3-problems-with-memory	Anterograde Amnesia	Compare impaired new declarative memories with preserved improvement on practiced tasks.	The H. M. example describes repeated introductions and improving puzzle performance.
Absolute sensory threshold	Attention, perception and memory	idea	idea	5-1-sensation-versus-perception	Sensation: absolute threshold	Interpret detection threshold as a probability under controlled conditions.	The criterion is detection on half the presentations, not an absolute sensory boundary.
Just-noticeable difference	Attention, perception and memory	idea	idea	5-1-sensation-versus-perception	Sensation: difference threshold	See why noticing a change depends on the starting stimulus intensity.	The light example and Weber discussion distinguish difference from absolute thresholds.
Sensory adaptation	Attention, perception and memory	idea	idea	5-1-sensation-versus-perception	Perception: sensory adaptation	Distinguish continuing sensory stimulation from reduced conscious notice over time.	The section contrasts sensation with perception during prolonged stimulation.
Inattentional blindness	Attention, perception and memory	idea	idea	5-1-sensation-versus-perception	Selective attention and Simons–Chabris study	Understand how a visible unexpected event can escape notice during another task.	The basketball-counting experiment grounds a qualified attention-dependent failure.
Signal detection theory	Attention, perception and memory	topic	idea	5-1-sensation-versus-perception	Motivation and signal detection	Explore detecting a target among noise when expectations and task goals influence reports.	The paragraph describes meaningful signals amid distracting background stimulation.
Figure–ground organization	Attention, perception and memory	idea	idea	5-6-gestalt-principles-of-perception	Figure-ground relationship	See why a single image can reverse between an object and its background.	The vase-versus-faces example illustrates alternative visual segmentation.
Perceptual closure	Attention, perception and memory	idea	idea	5-6-gestalt-principles-of-perception	Continuity and closure	Explore how incomplete parts can be perceived as a complete object.	The source distinguishes completion from a collection of separate parts.
Good continuation	Attention, perception and memory	idea	idea	5-6-gestalt-principles-of-perception	Law of continuity	Understand why smooth continuations are often grouped rather than broken alternatives.	The passage describes a preference for continuous smoothly flowing lines.
Mental set	Judgment, motivation and behavior	idea	idea	7-3-problem-solving	Pitfalls to Problem Solving	Recognize persistence with a formerly useful approach after circumstances change.	The definition distinguishes habitual strategy from the present problem's demands.
Functional fixedness	Judgment, motivation and behavior	idea	idea	7-3-problem-solving	Pitfalls: Duncker candle problem	See how an object's conventional use can hide an alternative solution.	Duncker's materials and the candle task exemplify restricted use assumptions.
Anchoring bias	Judgment, motivation and behavior	idea	idea	7-3-problem-solving	Decision biases	Investigate how an initial focal value can steer subsequent judgment.	The housing-budget example illustrates disproportionate focus on one information point.
Confirmation bias	Judgment, motivation and behavior	idea	idea	7-3-problem-solving	Decision biases	Recognize selective attention to information supporting an existing belief.	The section contrasts noticed confirming episodes with ignored counterexamples.
Hindsight bias	Judgment, motivation and behavior	idea	idea	7-3-problem-solving	Decision biases	Distinguish knowing an outcome from having predicted it beforehand.	The passage defines the retrospective impression that an event was predictable.
Availability heuristic	Judgment, motivation and behavior	idea	idea	7-3-problem-solving	Decision biases	Explore how accessible examples substitute for broader evidence in judgment.	The text notes that an available precedent may poorly inform the decision.
Intrinsic motivation	Judgment, motivation and behavior	idea	idea	10-1-motivation	Intrinsic and extrinsic motivation	Distinguish doing an activity for satisfaction from doing it for an external reward.	The opening contrasts sources of motivation while allowing mixtures.
Overjustification effect	Judgment, motivation and behavior	idea	idea	10-1-motivation	Reward discussion and qualifications	Examine when expected external rewards can reduce interest in an enjoyable activity.	The text qualifies effects by tangible versus verbal rewards and expectation.
Yerkes–Dodson relationship	Judgment, motivation and behavior	idea	idea	10-1-motivation	Arousal and task difficulty	Investigate why task difficulty matters when relating arousal to performance.	The chapter explicitly rejects one universally optimal middle arousal level.
Self-efficacy	Judgment, motivation and behavior	idea	idea	10-1-motivation	Self-efficacy and Social Motives	Distinguish believing one can complete a task from valuing its reward.	Bandura's theory links capability beliefs with motivated action.
Cognitive dissonance	Judgment, motivation and behavior	idea	idea	12-3-attitudes-and-persuasion	What is Cognitive Dissonance?	Explore responses to discomfort when commitments and behavior conflict.	The source describes changing beliefs or behavior to reduce inconsistency.
Elaboration likelihood model	Judgment, motivation and behavior	idea	idea	12-3-attitudes-and-persuasion	Persuasion: central and peripheral routes	Compare evaluating an argument with responding to peripheral cues.	The model distinguishes effortful message evaluation from endorsement or affective cues.
Foot-in-the-door technique	Judgment, motivation and behavior	idea	idea	12-3-attitudes-and-persuasion	Foot-in-the-door Technique	Explore the qualified finding that a small request can precede increased agreement to a larger one.	Freedman and Fraser's sign study supplies the specific experimental comparison.
Asch's conformity experiments	Judgment, motivation and behavior	topic	named_subject	12-4-conformity-compliance-and-obedience	Conformity: line-judgment experiments	Examine public agreement with a clearly mistaken majority in a particular experimental setting.	Confederate answers, dissent and public responding are described; later variability is acknowledged.
Normative social influence	Judgment, motivation and behavior	idea	idea	12-4-conformity-compliance-and-obedience	Why conform? normative versus informational influence	Distinguish joining a group to gain acceptance from believing its answer is correct.	The source links normative conformity with fitting in and avoiding ridicule.
Informational social influence	Judgment, motivation and behavior	idea	idea	12-4-conformity-compliance-and-obedience	Why conform? normative versus informational influence	Understand relying on others as information when a situation is ambiguous.	The smoke-in-a-theater example illustrates uncertainty-driven conformity.
Milgram's obedience experiments	Judgment, motivation and behavior	topic	named_subject	12-4-conformity-compliance-and-obedience	Stanley Milgram's Experiment	Compare obedience in the original setup with changes produced by proximity and setting.	Participants believed shocks were real; the text describes situation-dependent variation.
Psychology	Psychological methods and qualified findings	broad_field	idea	1-1-what-is-psychology	Opening and empirical methods paragraphs	Understand how observable behavior and reports support inferences about mental processes.	The definition and empirical-method discussion support a broad-field control.
Inter-rater reliability	Psychological methods and qualified findings	idea	idea	2-3-analyzing-findings	Reliability and Validity	Check whether different observers classify the same behavior consistently.	The source defines agreement between independent observers as a reliability type.
Test–retest reliability	Psychological methods and qualified findings	idea	idea	2-3-analyzing-findings	Reliability and Validity	Distinguish stability across repeated measurements from agreement among observers.	The passage defines consistency across multiple administrations.
Construct validity	Psychological methods and qualified findings	idea	idea	2-3-analyzing-findings	Reliability and Validity	Ask whether an operational measure captures the intended psychological concept.	Consistency alone is explicitly distinguished from measuring the intended attribute.
Ecological validity	Psychological methods and qualified findings	idea	idea	2-2-approaches-to-research	Naturalistic Observation	Assess how closely a research setting represents real-world behavior.	Naturalistic observation's realism is weighed against loss of experimental control.
Experimenter expectancy bias	Psychological methods and qualified findings	idea	idea	2-3-analyzing-findings	Causality: observer blinding	Understand how a researcher's expectations can shape interpretation of ambiguous responses.	The test-scoring example motivates concealment of group assignments.
Double-blind study	Psychological methods and qualified findings	topic	idea	2-3-analyzing-findings	Causality: double-blind study	Compare controlling participant expectations with controlling researcher expectations.	The definition conceals assignment from both participants and researchers.
Research debriefing	Psychological methods and qualified findings	facet_or_application	idea	2-4-ethics	Research Involving Human Participants: debriefing	Understand why concealed research purposes must be explained after deceptive studies.	The paragraph specifies purpose, data use and reasons for deception.
Deception in psychological research	Psychological methods and qualified findings	facet_or_application	idea	2-4-ethics	Research Involving Human Participants: deception	Examine the tension between realistic responses and participants' knowledge of a study's purpose.	The source explains avoiding response distortion while requiring ethical limits and debriefing.
Social desirability bias	Psychological methods and qualified findings	idea	idea	2-2-approaches-to-research	Surveys: inaccurate self-report	Consider why answers about behavior may reflect a wish to appear acceptable.	Survey respondents may underreport drinking or conceal attitudes to look good.
