label	subfield	scope	kind	source_url	locator	learning_takeaway	support_note
Doctrine of double effect	Ethical arguments and thought experiments	idea	idea	https://plato.stanford.edu/entries/double-effect/	1 Formulations; 3 Misinterpretations	Distinguish intending harm as a means from foreseeing it as a side effect.	The doctrine also requires proportionality; unintended harm is not automatically permissible.
Problem of closeness in double effect	Ethical arguments and thought experiments	facet_or_application	idea	https://plato.stanford.edu/entries/double-effect/	4 Criticisms: problem of closeness	Examine when a harmful side effect seems inseparable from the agent's chosen means.	The source identifies difficulty classifying closely connected harms as a challenge.
Doing versus allowing harm	Ethical arguments and thought experiments	idea	idea	https://plato.stanford.edu/entries/doing-allowing/	1 Contrast Strategy; 2 Distinguishing Distinctions	Separate causing versus permitting harm from intention and from moral verdicts.	Rachels's paired cases and objections show the distinction's contested moral significance.
Trolley problem	Ethical arguments and thought experiments	idea	idea	https://plato.stanford.edu/entries/doing-allowing/	3 The Trolley Problem and the Doing/Allowing Distinction	Compare driver and bystander versions rather than assuming one explanation settles both.	Foot's and Thomson's variants test competing moral distinctions.
Moral luck	Ethical arguments and thought experiments	idea	idea	https://plato.stanford.edu/entries/moral-luck/	The Problem: Control Principle and moral assessment	Investigate how moral assessment can depend on circumstances outside an agent's control.	The source frames tension between the control principle and ordinary judgments.
Resultant moral luck	Ethical arguments and thought experiments	facet_or_application	idea	https://plato.stanford.edu/entries/moral-luck/	Types of luck: Resultant Luck	Compare equal intentions and precautions that nevertheless produce different outcomes.	Driver and would-be murderer pairs isolate luck in how events turn out.
Circumstantial moral luck	Ethical arguments and thought experiments	facet_or_application	idea	https://plato.stanford.edu/entries/moral-luck/	Types of luck: Circumstantial luck	Ask how unchosen situations expose people to different moral tests.	The example contrasts morally testing circumstances with an alternate uneventful life.
Constitutive moral luck	Ethical arguments and thought experiments	facet_or_application	idea	https://plato.stanford.edu/entries/moral-luck/	Types of luck: Constitutive luck	Examine responsibility for dispositions shaped partly by unchosen development and inheritance.	The passage identifies traits and dispositions as the object of this luck category.
Supererogation	Ethical arguments and thought experiments	idea	idea	https://plato.stanford.edu/entries/supererogation/	Opening; 2 Definition	Explore the possibility of morally good actions that duty does not require.	The source distinguishes goodness from obligation and notes theoretical disagreement.
Imperfect duty	Ethical arguments and thought experiments	idea	idea	https://plato.stanford.edu/entries/supererogation/	2 Definition: imperfect duty comparison	Distinguish discretion over fulfilling a duty from permission to ignore it.	The Kantian comparison says imperfect duties remain binding despite flexibility in application.
Suberogation	Ethical arguments and thought experiments	idea	idea	https://plato.stanford.edu/entries/supererogation/	2 Definition: offence and suberogation	Consider the disputed category of bad yet morally permitted conduct.	The entry discusses the proposed mirror of supererogation and difficulties finding examples.
Justified true belief analysis	Knowledge, inference and reasoning	idea	idea	https://plato.stanford.edu/entries/knowledge-analysis/	1 Knowledge as Justified True Belief	Distinguish a belief's truth and justification in a traditional analysis of knowledge.	The tripartite proposal treats all three components as necessary and jointly sufficient.
Gettier problem	Knowledge, inference and reasoning	idea	idea	https://plato.stanford.edu/entries/knowledge-analysis/	3 Counterexamples to the Tripartite Analysis	See why a justified belief can be accidentally true yet fail to count as knowledge.	Gettier's disjunction example challenges the sufficiency of justified true belief.
No-false-lemmas condition	Knowledge, inference and reasoning	facet_or_application	idea	https://plato.stanford.edu/entries/knowledge-analysis/	4 No False Lemmas	Evaluate the proposed repair that knowledge cannot be inferred from false premises.	The entry presents the condition and counterexamples without endorsing it as sufficient.
Fake-barn case	Knowledge, inference and reasoning	facet_or_application	idea	https://plato.stanford.edu/entries/knowledge-analysis/	4 No False Lemmas: Barn County	Explore how a deceptive environment can undermine otherwise accurate perception.	Henry sees a real barn among facades, posing a problem without a false inference.
Epistemic sensitivity	Knowledge, inference and reasoning	idea	idea	https://plato.stanford.edu/entries/knowledge-analysis/	5.1 Sensitivity	Ask whether someone would stop believing a claim if it were false.	The entry defines the counterfactual condition and explains disputed implications.
Epistemic safety	Knowledge, inference and reasoning	idea	idea	https://plato.stanford.edu/entries/knowledge-analysis/	5.2 Safety	Ask whether a belief could easily have been false in nearby circumstances.	The modal formulation contrasts safety with sensitivity rather than equating them.
Epistemic closure	Knowledge, inference and reasoning	idea	idea	https://plato.stanford.edu/entries/closure-epistemic/	1 Knowledge Closure	Investigate whether competent deduction from known premises preserves knowledge.	The closure principle and objections are explicitly distinguished from automatic omniscience.
Lottery paradox	Knowledge, inference and reasoning	idea	idea	https://plato.stanford.edu/entries/epistemic-paradoxes/	3 Lotteries and the Lottery Paradox	Compare rational acceptance of each likely loser with certainty that one ticket wins.	Kyburg's example challenges unrestricted aggregation of high-probability beliefs.
Preface paradox	Knowledge, inference and reasoning	idea	idea	https://plato.stanford.edu/entries/epistemic-paradoxes/	4 Preface Paradox	Examine believing each researched claim while reasonably expecting some mistake in the whole book.	Makinson's case separates individual confidence from fallibility about their conjunction.
Moore's paradox	Knowledge, inference and reasoning	idea	idea	https://plato.stanford.edu/entries/epistemic-paradoxes/	5.3 Moore's problem	Explain why asserting a fact while denying belief in it sounds self-defeating.	The entry contrasts first-person assertion with coherent third-person and past-tense versions.
Meno's paradox of inquiry	Knowledge, inference and reasoning	idea	idea	https://plato.stanford.edu/entries/epistemic-paradoxes/	6.1 Meno's Paradox of Inquiry	Question how inquiry can recognize an answer it does not already know.	The stated dilemma and partial-knowledge response distinguish ignorance from total ignorance.
Epistemic luck	Knowledge, inference and reasoning	idea	idea	https://plato.stanford.edu/entries/knowledge-analysis/	3 Counterexamples and 8 Epistemic Luck	Distinguish an accidentally correct justified belief from reliable epistemic success.	The Gettier discussion explicitly identifies truth through luck as the unresolved problem.
Numerical and qualitative identity	Metaphysics and philosophical traditions	idea	idea	https://plato.stanford.edu/entries/identity-time/	1 Introduction	Distinguish being one and the same object from being perfectly alike.	The entry contrasts numerical identity with qualitative resemblance.
Indiscernibility of identicals	Metaphysics and philosophical traditions	idea	idea	https://plato.stanford.edu/entries/identity-time/	1 Introduction: Leibniz's Law	Understand why genuinely identical things cannot differ in a property.	The principle is explicitly distinguished from the converse identity of indiscernibles.
Relative identity	Metaphysics and philosophical traditions	idea	idea	https://plato.stanford.edu/entries/identity-time/	1 Introduction: Geach's proposal; 4.2	Explore the proposal that identity must answer same what rather than identity without qualification.	The entry presents sortal-relative identity as a contested theory.
Material constitution	Metaphysics and philosophical traditions	topic	idea	https://plato.stanford.edu/entries/material-constitution/	1 The Puzzles: statue and clay	Distinguish a statue from the material constituting it through their possible persistence conditions.	The clay can survive squashing although the statue cannot.
Presentism	Metaphysics and philosophical traditions	idea	idea	https://plato.stanford.edu/entries/time/	6 Presentism, Eternalism, and the Growing Block Theory	Explore the thesis that only temporally present objects exist.	The definition excludes merely past and future objects, with qualifications for abstract entities.
Eternalism	Metaphysics and philosophical traditions	idea	idea	https://plato.stanford.edu/entries/time/	6 Presentism, Eternalism, and the Growing Block Theory	Distinguish existing from being present when considering past and future objects.	On this view temporal location does not determine existence.
Growing block theory	Metaphysics and philosophical traditions	idea	idea	https://plato.stanford.edu/entries/time/	6 Presentism, Eternalism, and the Growing Block Theory	Explore a temporal ontology in which the past and present exist but the future does not.	The source distinguishes its expanding ontology from a commitment to four-dimensionalism.
Sorites paradox	Metaphysics and philosophical traditions	idea	idea	https://plato.stanford.edu/entries/sorites-paradox/	Opening; 2 Different Formulations	See how apparently harmless small changes can generate a contradiction about vague categories.	Repeatedly adding one grain motivates the heap paradox.
Epistemicism about vagueness	Metaphysics and philosophical traditions	idea	idea	https://plato.stanford.edu/entries/sorites-paradox/	3.2 The Epistemic Theory	Consider the view that vague categories have sharp boundaries we cannot know.	The theory preserves bivalence while treating vagueness as ignorance.
Supervaluationism	Metaphysics and philosophical traditions	idea	idea	https://plato.stanford.edu/entries/sorites-paradox/	3.3.1 Supervaluationism	Explore evaluating a vague statement across admissible precise interpretations.	The approach allows truth-value gaps while preserving many classical logical laws.
Two truths in Indian Buddhist philosophy	Metaphysics and philosophical traditions	topic	idea	https://plato.stanford.edu/entries/twotruths-india/	Opening and overview of schools	Distinguish conventional and ultimate truth while recognizing that Buddhist schools interpret the distinction differently.	The source defines both perspectives and explicitly warns that schools adopt radically different approaches.
Zhuangzi’s butterfly dream	Metaphysics and philosophical traditions	idea	named_subject	https://plato.stanford.edu/entries/zhuangzi/	Epistemic reflection: Zhuangzi 2:14 butterfly passage	Examine whether feeling awake guarantees a final, privileged perspective on experience.	The story and surrounding interpretation connect dream/waking reversals with epistemic modesty.
