005	Find location, associations and setting form a specific evidential concept within archaeology, even though the broad control's earlier card mentions context.
006	Natural remains associated with human activity are a defined evidence category, distinct from manufactured artifacts and nonportable features.
008	Ordering assemblages by changing style frequencies differs from stratigraphic ordering and calendar-age estimation.
009	The superposition of human deposits is a separately useful application of general geological stratigraphy; retain the undisturbed-deposit qualification.
010	Comparing finds/contexts across places differs from matching annual tree-ring patterns; the captured NPS table explicitly separates cross-dating from dendrochronology.
011	Narrator review before release is a specific participation/consent practice, distinct from oral history as a whole.
012	A recorded introductory context statement preserves interview metadata; distinct from narrator review or interviewing generally.
013	Retaining a creator's sequence differs from grouping records by their creator, the separate provenance principle.
014	Creator-based grouping preserves origin relationships; distinct from original internal order, find location or mere ownership succession.
015	Evaluating author, purpose and setting is a defined historical-evidence method, not all history or archive arrangement.
017	Chintz's colorfastness, adaptation and trade restrictions make a specific commodity-history application, not material culture broadly.
018	The tree-centered painted bedcover is a textile form, narrower than chintz's cloth/trade category.
019	Indian-made cotton for Japanese buyers defines a particular trade-textile tradition, not the Silk Road or all chintz circulation.
020	The Manila-Mexico transpacific network differs geographically and institutionally from the Silk Road routes.
021	Sogdian commercial communities and their intermediary role are a people/institution facet of exchange, not another name for the entire route network.
022	Post-1492 transatlantic biological/human transfers are a specific historical process, not generic globalization or exchange.
025	The Ottoman forced recruitment levy differs from the Mamluk military category and from the Janissary organization it supplied.
026	A particular Ottoman military corps is distinct from the recruitment procedure and from Mamluks as a broader military category.
027	Revocable revenue rights tied to service define a particular Ottoman arrangement, distinct from hereditary landownership.
028	The Mughal rank/cavalry/revenue system differs from Ottoman timar despite a useful comparison of service institutions.
029	Knotted-cord recording is a device/practice, distinct from the Inca Empire employing it. Keep unproven nonnumerical meanings qualified.
030	Inka state storehouses and their ventilation/redistribution functions form an institutional type, distinct from the entire empire.
031	The particular Shona urban archaeological site and its dry-stone/trade evidence are a named learning case.
032	The Saint-Domingue/Haitian revolution has its own participants, aims and independence outcome, distinct from the linked French Revolution.
034	The identified seventeenth-century trade token is a specific object with commercial imagery and product-list evidence, not material culture as a field.
035	Georgian molly houses are a historically bounded social-venue type, distinct from sexuality generally or all public houses.
036	Changing British tea status and affordability is a supported historical commodity facet, not the Tea drink or tea appreciation generally.
037	Tudor urban cookshops are a particular provisioning institution tied to housing constraints, not cooking in general.
039	The named charter's failed initial settlement and reissues distinguish its history from broad constitutionalism or modern rights doctrine.
040	A Hanseatic overseas merchant establishment is an institutional form, not the entire trade network or generic warehouses.
041	Literary/Confucian examination recruitment is a particular institution within imperial Chinese history.
042	Replacing names and recopying scripts are a specific anti-recognition procedure within examinations, not the whole institution or general blinding.
043	The scholar-official social/administrative role differs from the exam procedure that could recruit its members.
044	The named Ming expedition series has specific diplomatic/imperial functions, distinct from generic maritime trade or Chinese history.
045	Ma Huan is a particular translator and participant with a documentary role, distinct from the voyages themselves.
049	Area shading by an attribute is a particular thematic-map form, not Cartography generally.
050	Choosing a denominator to normalize counts is a defined data-preparation facet, distinct from the choropleth display form.
051	Auxiliary spatial information redistributes aggregate values; this differs from assuming uniform value within a choropleth unit.
052	Resizing regions by a variable differs from geometric map projection and from color-shading unchanged regions.
053	Network travel costs determine reachable regions; distinct from fixed-distance geographic buffers.
054	A distance-based neighborhood operation differs from network-constrained service areas.
055	Attribute similarity conditioned on spatial relations is a statistical property, not human geography generally or plain geographic proximity.
056	Equal numeric widths define a classification rule distinct from equal member counts or data-adaptive gaps.
057	Equal counts of features per class define a rank-based rule distinct from equal interval widths.
058	Dataset-specific clustering/gaps define natural breaks, unlike fixed widths or quantile counts.
061	Recurring seasonal pasture movement differs from permanent migration or nomadism as a whole.
062	Enclosed drained lowlands with maintained hydraulic infrastructure define a landscape type, distinct from all cultural landscapes.
063	A walled collective settlement is a form, not an individual house, generic fortress or the named Ait-Ben-Haddou example.
064	Falaj-linked settlement, timed rights and maintenance institutions extend beyond irrigation as water delivery alone.
065	Managed reliable water underpinning desert habitation defines a settlement pattern, distinct from the particular Al Ain ensemble.
066	The Grand Pré strip-allotment pattern is a specific spatial arrangement, distinct from marsh drainage or the whole site.
067	Farmer collectives and water-temple coordination define the subak institution; distinct from irrigation generally and the named protected landscape.
068	The specific Bali landscape ensemble is a named place linking forests, temples and terraces; distinct from subak as an institutional form.
069	The particular Azerbaijani village-route-pasture ensemble exemplifies transhumance without being synonymous with the generic practice.
070	The specific 1612 reclaimed-lake grid is a named landscape, distinct from the generic polder type.
071	The particular Grand Pré landscape combines drainage, settlement and Acadian remembrance; distinct from its strip-allotment facet.
072	The particular Al Ain tomb/settlement/irrigation ensemble is a named site, not oasis settlement generally.
073	The named Moroccan fortified village is distinct from the ksar type it exemplifies.
074	The particular mud-brick high-rise city and floodplain setting provide a specific environmental/urban case.
075	The named Venice-lagoon urban system is distinct from cultural landscapes or lagoon settlement as general categories.
076	The specific Penang city and its accumulated trading-port influences are a named place, not another George Town or all multicultural ports.
077	The named five-system Omani protected ensemble is distinct from the general falaj-linked settlement/management form.
078	The named Cappadocian volcanic/rock-cut ensemble differs from generic rock-cut architecture and from the separate Matera case.
079	Lalibela's particular churches and sacred-landscape system are distinct from pilgrimage or rock-cut architecture generally.
080	The particular limestone-ravine settlement ensemble is a named historical case, distinct from Cappadocia's separate volcanic sites.
081	The offering/hospitality ritual complex is a practice within Hindu traditions, distinct from those traditions as a whole.
082	Devotional seeing is a particular mode of encounter, distinct from the wider sequence of puja acts.
083	The offered-and-received substance is distinct from the ritual action and from devotional seeing.
084	Preparatory ritual washing is distinct from the prayer it precedes and from Islam broadly.
085	Prayer orientation differs from the mihrab architectural marker indicating it.
086	A rotating mantra-containing devotional device differs from general Buddhist practice and from a mandala representation.
087	The palace-and-gates organization of Tibetan mandalas is a specific ritual-spatial facet, not generic circular decoration.
088	A relic/text monument supporting veneration differs from monastic community, monastery or mandala.
089	The Jewish ritual bath is a particular institution/form; the medieval Cologne example provides a concrete architectural consequence.
090	The doorway parchment and placement practice differ from a decorative case alone or Judaism generally.
091	A ritual marking the end of Sabbath differs from Sabbath as the whole sacred time interval.
092	A home-veneration tablet differs from a portable protective omamori.
093	A carried protective amulet differs from an ofuda installed for domestic veneration.
094	An authoritative scriptural corpus is distinct from musical Canon Q53831. Pāli Canon Q215685 is a particular corpus, not the general corpus concept; Catholic paragraph 120 is one tradition-specific example.
095	Interpretive expansion beyond immediate narrative context differs from peshat's contextual reading and from the Talmud as a compilation.
096	Contextual/plain-sense reading is an interpretive approach, distinct from midrashic expansion and not guaranteed to yield agreement.
097	The named commentator's use of both contextual and interpretive approaches is distinct from either technique alone.
099	Mishnah is a particular named legal compilation on which later Talmudic discussion comments; it is not the whole Talmud. Correct entity_kind to named_subject, preserving the ID and scope.
101	Uninterrupted full-scripture reading through successive readers is a practice, distinct from the named scripture.
102	A Sikh devotional hymn/teaching form differs from the complete collection and its continuous-reading practice.
103	Prayerful reading through several devotional phases is a specific practice, distinct from textual criticism or meditation alone.
104	A monastic disciplinary-code category differs from lay precepts and from the Sangha community.
105	Earlier/later scriptural-event correspondences are an interpretive method, distinct from canon membership or archaeology's artifact typology.
112	The Buddhist community/support relationship is an institutional concept, distinct from its disciplinary codes; retain varying term boundaries.
113	Solitary and communal disciplined religious life is a bounded Christian tradition, not Christianity as a whole.
114	The named Benedictine regulatory text is distinct from Christian monasticism broadly and from a specific abbey.
115	The particular abbey's architecture and liturgical prominence form a named institutional case.
118	Narrator participation in events differs from whose knowledge restricts information and from the act-of-telling level.
119	Narrator absence from the narrated events is the contrasting participation status, distinct from focalization.
120	Nested narrating acts/worlds form a general model; a frame story is one arrangement, and metalepsis crosses rather than merely establishes levels.
121	One occurrence told once defines a narrative-frequency relation, distinct from repeated tellings or repeated occurrences.
122	Several occurrences told once define habitual compression, distinct from recounting one event repeatedly.
123	One occurrence told several times differs from both singulative and iterative frequency; not a verbal refrain alone.
124	Context-dependent worth-telling differs from minimum narrativity or graded significance of an event.
125	Interpreted significance/unexpectedness of a change differs from any event or the audience's general reason to hear the story.
126	A text-inferred author image differs from the real writer, narrator and implied recipient.
127	A text-presupposed recipient image differs from actual readers and from the implied author.
128	Reflection on fictionality/constructedness differs from comments on narrating and need not cross narrative levels.
129	Reflection on the act of telling differs from asserting fictionality and from metaleptic level crossing.
130	Excess disclosure beyond a focalization norm is a specified deviation, not the entire information-restriction system.
133	The nineteen-line two-refrain pattern is a whole fixed form, distinct from general repetition or poetry.
134	Recycled lines shifting stanza position define a different pattern from the villanelle's fixed alternation.
135	Interlocked rhymes connect successive tercets; not every three-line stanza has terza rima.
136	Autonomous couplets linked by rhyme/refrain define a particular poetic form rather than a continuous narrative.
137	An internal pause differs from enjambment crossing a line boundary and from the boundary itself.
138	Repeated beginnings are a rhetorical pattern, distinct from grammatical anaphoric reference and repeated endings.
139	Repeated endings differ from anaphora's repeated beginnings.
140	Ending-to-next-beginning repetition makes a chain, distinct from repeated positions in parallel units.
141	Reversal of paired element order differs from simple repetition; literal word reversal is the narrower antimetabole case.
142	Direct address to an absent or nonhuman imagined listener differs from the punctuation mark.
143	One grammatical governor serving multiple constituents defines zeugma; differently sensed meanings are not required in every instance.
144	Negating an opposite is a particular understatement strategy, not all negation or irony.
145	Associated-reference substitution differs from metaphor's similarity relation.
146	The named novel's retrospective telling, voice and vernacular structure provide a specific work-level subject, not generic focalization.
147	The named author has a particular documented relation to lived events and Black folklore; distinct from her separately selected novel.
148	The named novel's fire imagery and book-preserving counter-community provide a specific structural case.
149	The named Swift work uses imaginary journeys for recognizable social satire; distinct from travel writing or all literature.
150	The named Thoreau account makes withdrawal a literary experiment; distinct from the place Walden Pond or a general lifestyle category.
151	Pound's particular poem deploys sestina recurrence in a warrior's dramatic monologue; distinct from the verse form generally.
152	Ashbery's particular sestina combines comic characters and repeated words; a different work from Pound's example.
153	The specific Williams poem's compound-word lineation supports a work-level reading, distinct from enjambment as a general relation.
154	The specific Brooks poem's repeated pronoun and lineation support a work-level reading; keep interpretive consequences marked editorial.
155	The named Dante work's interlocking rhyme and canto closure are a work-specific case, distinct from terza rima generally.
156	Shelley's particular five-unit adaptation differs from Dante's long-form terza rima and from the generic pattern.
157	The named poet's advocacy of form-preserving English ghazals is distinct from the form and from his edited anthology.
158	The named anthology is a particular collection illustrating variation in adaptation; distinct from its editor or ghazal form generally.
159	Brainard's named book uses accumulative opening repetition; distinct from anaphora as a device or an exercise inspired by it.
160	The specific Bishop poem's progression from minor to intimate losses is a work-level reading, distinct from the villanelle form; mark interpretation editorial.
161	Direct brush application of acid is a named aquatint variant, distinct from aquatint's entire grain-resist technique.
162	A sugar drawing lifted through a ground creates exposed positive-drawing areas, unlike scratched-through-ground etching.
163	Brush-applied color through a stencil without mesh differs from screen printing's ink transfer through a mesh.
164	A deliberately marked glass negative exposed against paper is a hybrid drawing/photographic process, distinct from an object-shadow photogram.
165	Direct resist/chemical action on photosensitive paper in light differs from camera exposure and from object-shadow photograms.
166	Contact-shadow exposure and opacity-dependent tones define a named process, even though the broad Photography control mentions it as an example.
167	A specific iron-salt blue-image chemistry differs from photographic processing broadly and from the photogram's physical arrangement.
168	Photographic information creating an intaglio ink-bearing matrix differs from ordinary photographic development and hand-drawn etching.
169	Colored starch-grain filtering in a transparency plate defines a specific historical color process, not all photography.
171	Painting into wet finishing plaster is a distinct material/timing technique within painting.
172	Dry-plaster painting differs from wet-plaster fresco and is not defined by one universal tempera binder.
173	A day's workable plaster section is a named production unit/practice within fresco, not another label for the whole technique.
174	A transferred single-image flat-plate process differs from printing multiple impressions from a permanently worked matrix.
175	Assembled textured material makes a printing matrix; unlike collage, the assembly is used to transfer the image.
178	Surrounding/unmarked areas as active compositional shapes are distinct from the general perceptual foreground/background segregation. The MoMA passage names negative space explicitly.
179	Recognition restored from a special viewpoint is anamorphosis; it is not sfumato's tonal blending or merely the cylindrical-perspective projection.
180	Deceptive presence of depicted objects is an illusionistic aim, broader than faux painting's material imitation and distinct from forced-viewpoint distortion.
181	Distance-dependent atmospheric color/tone effects create depth, unlike sfumato's general contour softening.
182	Spatially adjacent colors alter perceived hue/tone, distinct from the temporally subsequent afterimage effect.
183	Separated colored strokes and the historical goal of optical mixture form a particular technique/aim; do not claim perfect literal additive mixing in the eye.
184	Relative size representing rank is a symbolic convention, distinct from naturalistic perspective or color relationships.
185	A prior stimulus's afterimage alters a later percept; distinct from simultaneous contrast, generic sensory adaptation and figure-ground organization.
186	The particular Holbein portrait and its skull/viewpoint device form a named work, distinct from anamorphosis as a technique.
187	The specific circa-1963 Asawa drawing, accession TAM.1558-II, is distinct from the general negative-space technique it exemplifies.
188	Seurat's particular large composition is a named work, distinct from optical mixture as a general/historical strategy.
189	The named artist's theoretical and watercolor contributions form a specific historical case, not a duplicate identity for the movement's technique.
190	Atkins's particular illustrated botanical book is distinct from both cyanotype chemistry and photogram arrangement.
191	Peyton's specific 2011 monotype combines named artistic/opera references; distinct from the process and artist.
192	The named artist's contrast between working methods is a biographical/practice subject, distinct from one print or monotype generally.
193	The particular 1883 Morris textile design combines motifs with discharge printing; distinct from Textile design as a field.
194	Morris's particular 1884 textile pattern is distinguished by its repeat scale; not the river or workshop bearing the name.
195	The particular production site's water/ground logistics differ from the individual textile patterns made there.
196	The named embroidered historical narrative is a particular work; Embroidery is the meaningful broader comparator, not Collage or tapestry weaving.
197	The particular Met brass plaque (object 310752) is a named composition using hierarchical scale, distinct from the convention itself.
198	The particular multi-site architectural ensemble is distinct from Bauhaus as a school; buildings instantiate its design aims.
199	The named villa's structural and wall-plan separation is a specific architectural case, not Architecture broadly.
