shannon|14|0|A Mathematical Theory of Communication|1948 reprint with corrections
sqliteisolation|1|0|Isolation In SQLite|
wal|1|1|Write-Ahead Logging|
deflate|29|0|DEFLATE Compressed Data Format Specification version 1.3|RFC 1951
normalization|2|0|Unicode Normalization Forms|UAX 15 revision 58, Unicode 18.0.0
utf8|3|0|UTF-8, a transformation format of ISO 10646|RFC 3629
segmentation|12|0|Unicode Text Segmentation|UAX 29 revision 49, Unicode 18.0.0
queryplanner|13|0|Query Planning|
raft|24|0|In Search of an Understandable Consensus Algorithm|2014 extended paper
saltzerintro|4|0|The Protection of Information in Computer Systems|1975 paper
saltzer|6|0|Basic Principles Of Information Protection|1975 paper, Section I
http|7|0|HTTP Semantics|RFC 9110
tcp|15|0|TCP Congestion Control|RFC 5681
nist|23|0|Digital Identity Guidelines: Authentication and Authenticator Management|NIST SP 800-63B-4
hopper|9|0|Grace Murray Hopper|
baby|10|0|Replica of the Baby or SSEM computer|Collection YS23/1998
eniac|18|0|ENIAC|
morris|17|0|Morris Worm|
sqliteabout|27|0|About SQLite|
atomiccommit|28|0|Atomic Commit In SQLite|
linguistics|56|0|Studying language scientifically|
phonemes|50|0|Phonemes and allophones|
morphology|57|0|What is morphology?|
minimalpair|32|0|Contrastive distribution and minimal pairs|
complementary|51|0|Complementary distribution|
allomorphy|53|0|Allomorphy|
reduplication|52|0|Morphology beyond affixes|
constituency|54|0|Identifying phrases: Constituency tests|
ambiguity|58|0|Trees: Structural ambiguity|
composition|55|0|Compositionality: Why not just syntax?|
entailment|38|0|Entailments vs. implicatures|
ipa|40|0|The International Phonetic Alphabet|
languagechange|60|0|Language changes|
variationist|61|0|What is variationist sociolinguistics?|
variationmethods|59|0|Variationist methods and concepts|
socialstatus|43|0|Sociolinguistic correlations: Social status|
michif|45|0|Reclaiming Michif|
peerpaper|48|0|Peer Instruction: Ten years of experience and results|2001, American Journal of Physics 69:970–977
ies|47|0|Organizing Instruction and Study to Improve Student Learning|NCER 2007-2004
interleavestudy|73|0|An Efficacy Study of Interleaved Mathematics Practice|
formative|71|0|Formative vs Summative Assessment|
mastery|72|0|Mastery learning|
economics|107|0|What Is Economics, and Why Is It Important?|
asymmetric|74|0|The Problem of Imperfect Information and Asymmetric Information|
insurance|75|0|Insurance and Imperfect Information|
bonds|77|0|Bonds: FAQs|
auction|100|0|Asymmetric Information: Auctions and the Winner's Curse|ECON 159 Lecture 24, 2007
orgdesign|91|0|Organizational Structures and Design|
orgstructures|92|0|Organizational Designs and Structures|
firm|90|0|The firm: Owners, managers, and employees|The Economy 1.0, Unit 6
cooperativeidentity|105|0|Cooperative identity, values and principles|1995 Statement on the Cooperative Identity
toyota|102|0|Toyota Production System: Virtual Plant Tour|
panic1907|95|0|The Panic of 1907|
bretton|96|0|Creation of the Bretton Woods System|
boehistory|97|0|History of the Bank of England|
coopHistory|101|0|History of the Cooperative Movement|
grameen|103|0|Introduction to Grameen Bank|
sociology|126|0|What Is Sociology?|
ties|117|0|Networks, Crowds, and Markets: Strong and Weak Ties|2010 pre-publication chapter 3
balance|119|0|Networks, Crowds, and Markets: Positive and Negative Relationships|2010 pre-publication chapter 5
groupsize|114|0|Group Size and Structure|
grouptypes|113|0|Types of Groups|
norms|125|0|Elements of Culture|
socialreality|112|0|Social Constructions of Reality|
collective|115|0|Collective Behavior|
movements|124|0|Social Movements|
turnanticipation|132|0|Anticipation in turn-taking: mechanisms and information sources|doi:10.3389/fpsyg.2015.00089
grounding|120|0|Grounding in Communication|1991 chapter
repair|123|0|Universal Principles in the Repair of Communication Problems|doi:10.1371/journal.pone.0136100
tls|26|0|The Transport Layer Security Protocol Version 1.3|RFC 8446
